{
  "accuracy_matrix": {
    "0.4": {
      "0.4": 0.2,
      "0.5": 0.2,
      "0.6": 0.26666666666666666,
      "0.7": 0.26666666666666666,
      "0.8": 0.15555555555555556
    },
    "0.5": {
      "0.4": 0.16666666666666666,
      "0.5": 0.2,
      "0.6": 0.26666666666666666,
      "0.7": 0.26666666666666666,
      "0.8": 0.15555555555555556
    },
    "0.6": {
      "0.4": 0.2,
      "0.5": 0.23333333333333334,
      "0.6": 0.3,
      "0.7": 0.26666666666666666,
      "0.8": 0.18888888888888888
    },
    "0.7": {
      "0.4": 0.23333333333333334,
      "0.5": 0.26666666666666666,
      "0.6": 0.26666666666666666,
      "0.7": 0.3333333333333333,
      "0.8": 0.25555555555555554
    },
    "0.8": {
      "0.4": 0.2777777777777778,
      "0.5": 0.3111111111111111,
      "0.6": 0.37777777777777777,
      "0.7": 0.4111111111111111,
      "0.8": 0.16666666666666666
    }
  },
  "threshold_range": [
    0.4,
    0.5,
    0.6,
    0.7,
    0.8
  ],
  "best_overall_configuration": {
    "breadth_threshold": 0.8,
    "depth_threshold": 0.7,
    "total_examples": 180,
    "correct_predictions": 74,
    "accuracy": 0.4111111111111111,
    "per_mode_accuracy": {
      "DIRECT": 0.0,
      "COT": 1.0,
      "TOT": 0.0,
      "GOT": 0.0,
      "AOT": 0.4666666666666667,
      "COMBINED": 1.0
    },
    "mode_distribution": {
      "COT": 128,
      "COMBINED": 38,
      "AOT": 14
    },
    "average_scores": {
      "breadth": 0.688333333333333,
      "depth": 0.6444444444444449
    },
    "test_duration": 0.901879072189331,
    "confusion_matrix": {
      "DIRECT": {
        "COT": 30
      },
      "COT": {
        "COT": 30
      },
      "TOT": {
        "COT": 30
      },
      "GOT": {
        "COT": 22,
        "COMBINED": 8
      },
      "AOT": {
        "COT": 16,
        "AOT": 14
      },
      "COMBINED": {
        "COMBINED": 30
      }
    }
  },
  "best_stable_configuration": {
    "breadth_threshold": 0.8,
    "depth_threshold": 0.7,
    "total_examples": 180,
    "correct_predictions": 74,
    "accuracy": 0.4111111111111111,
    "per_mode_accuracy": {
      "DIRECT": 0.0,
      "COT": 1.0,
      "TOT": 0.0,
      "GOT": 0.0,
      "AOT": 0.4666666666666667,
      "COMBINED": 1.0
    },
    "mode_distribution": {
      "COT": 128,
      "COMBINED": 38,
      "AOT": 14
    },
    "average_scores": {
      "breadth": 0.688333333333333,
      "depth": 0.6444444444444449
    },
    "test_duration": 0.901879072189331,
    "confusion_matrix": {
      "DIRECT": {
        "COT": 30
      },
      "COT": {
        "COT": 30
      },
      "TOT": {
        "COT": 30
      },
      "GOT": {
        "COT": 22,
        "COMBINED": 8
      },
      "AOT": {
        "COT": 16,
        "AOT": 14
      },
      "COMBINED": {
        "COMBINED": 30
      }
    }
  },
  "matrix_statistics": {
    "total_configurations": 25,
    "valid_configurations": 25,
    "max_accuracy": 0.4111111111111111,
    "min_accuracy": 0.15555555555555556,
    "mean_accuracy": 0.24933333333333332
  }
}